epoch,avg_loss,lr,epoch_time_sec,best_loss_so_far,timestamp
1,1.000267,0.00020000,3.11,1.000267,2026-09-20T21:03:45.313370
2,1.001040,0.00019999,2.29,1.000267,2026-09-20T21:03:47.599902
3,1.001159,0.00019998,2.23,1.000267,2026-09-20T21:03:49.826531
4,0.999625,0.00019997,2.03,0.999625,2026-09-20T21:03:52.053508
5,0.998350,0.00019995,2.03,0.998350,2026-09-20T21:03:54.265990
6,0.999604,0.00019993,2.10,0.998350,2026-09-20T21:03:56.365113
7,0.998698,0.00019991,2.00,0.998350,2026-09-20T21:03:58.362986
8,0.997359,0.00019988,2.00,0.997359,2026-09-20T21:04:00.475682
9,0.994031,0.00019985,2.37,0.994031,2026-09-20T21:04:03.044471
10,0.993025,0.00019981,2.22,0.993025,2026-09-20T21:04:05.402831
11,0.988961,0.00019977,2.23,0.988961,2026-09-20T21:04:07.857457
12,0.986512,0.00019973,2.23,0.986512,2026-09-20T21:04:10.285883
13,0.984008,0.00019968,2.08,0.984008,2026-09-20T21:04:12.560434
14,0.978829,0.00019963,2.14,0.978829,2026-09-20T21:04:14.799132
15,0.978324,0.00019958,2.02,0.978324,2026-09-20T21:04:16.938575
16,0.978256,0.00019952,2.08,0.978256,2026-09-20T21:04:19.180466
17,0.973089,0.00019946,2.09,0.973089,2026-09-20T21:04:21.400120
18,0.971477,0.00019939,2.05,0.971477,2026-09-20T21:04:23.551131
19,0.968180,0.00019932,2.09,0.968180,2026-09-20T21:04:25.755876
20,0.964754,0.00019925,2.03,0.964754,2026-09-20T21:04:27.902227
21,0.962442,0.00019917,2.09,0.962442,2026-09-20T21:04:30.133447
22,0.960211,0.00019909,2.06,0.960211,2026-09-20T21:04:32.306512
23,0.957896,0.00019901,2.12,0.957896,2026-09-20T21:04:34.599228
24,0.954631,0.00019892,2.03,0.954631,2026-09-20T21:04:36.760637
25,0.951919,0.00019883,2.13,0.951919,2026-09-20T21:04:39.026914
26,0.950966,0.00019874,2.04,0.950966,2026-09-20T21:04:41.225270
27,0.946427,0.00019864,2.04,0.946427,2026-09-20T21:04:43.383418
28,0.947210,0.00019853,2.07,0.946427,2026-09-20T21:04:45.450391
29,0.943062,0.00019843,1.97,0.943062,2026-09-20T21:04:47.537061
30,0.940906,0.00019832,2.07,0.940906,2026-09-20T21:04:49.743559
31,0.938963,0.00019820,2.03,0.938963,2026-09-20T21:04:51.904002
32,0.936621,0.00019809,2.05,0.936621,2026-09-20T21:04:54.060508
33,0.933570,0.00019797,2.09,0.933570,2026-09-20T21:04:56.242125
34,0.930590,0.00019784,2.03,0.930590,2026-09-20T21:04:58.386100
35,0.928418,0.00019771,2.05,0.928418,2026-09-20T21:05:00.540502
36,0.926630,0.00019758,2.00,0.926630,2026-09-20T21:05:02.631157
37,0.924818,0.00019744,2.08,0.924818,2026-09-20T21:05:04.832646
38,0.923301,0.00019731,2.05,0.923301,2026-09-20T21:05:06.949761
39,0.920314,0.00019716,2.20,0.920314,2026-09-20T21:05:09.242247
40,0.917950,0.00019702,2.10,0.917950,2026-09-20T21:05:11.487700
41,0.917829,0.00019687,2.07,0.917829,2026-09-20T21:05:13.718567
42,0.914928,0.00019671,2.04,0.914928,2026-09-20T21:05:15.881060
43,0.911813,0.00019655,2.19,0.911813,2026-09-20T21:05:18.254266
44,0.910612,0.00019639,2.04,0.910612,2026-09-20T21:05:20.405117
45,0.908022,0.00019623,2.04,0.908022,2026-09-20T21:05:22.571408
46,0.908257,0.00019606,2.03,0.908022,2026-09-20T21:05:24.598557
47,0.903933,0.00019589,2.03,0.903933,2026-09-20T21:05:26.782281
48,0.904246,0.00019571,2.04,0.903933,2026-09-20T21:05:28.826508
49,0.901123,0.00019553,1.98,0.901123,2026-09-20T21:05:30.916618
50,0.899510,0.00019535,2.12,0.899510,2026-09-20T21:05:33.167209
51,0.898348,0.00019516,2.10,0.898348,2026-09-20T21:05:35.410656
52,0.896395,0.00019497,2.04,0.896395,2026-09-20T21:05:37.578334
53,0.894913,0.00019478,2.06,0.894913,2026-09-20T21:05:39.742562
54,0.891974,0.00019458,2.21,0.891974,2026-09-20T21:05:42.083815
55,0.891069,0.00019438,2.03,0.891069,2026-09-20T21:05:44.196778
56,0.888845,0.00019418,2.11,0.888845,2026-09-20T21:05:46.389416
57,0.887232,0.00019397,2.09,0.887232,2026-09-20T21:05:48.578674
58,0.885504,0.00019376,2.04,0.885504,2026-09-20T21:05:50.752836
59,0.882542,0.00019355,2.04,0.882542,2026-09-20T21:05:52.898159
60,0.880030,0.00019333,2.06,0.880030,2026-09-20T21:05:55.075608
61,0.882137,0.00019311,2.06,0.880030,2026-09-20T21:05:57.140502
62,0.879460,0.00019288,2.00,0.879460,2026-09-20T21:05:59.276639
63,0.878944,0.00019265,2.07,0.878944,2026-09-20T21:06:01.452132
64,0.874740,0.00019242,2.28,0.874740,2026-09-20T21:06:03.845912
65,0.873502,0.00019219,2.04,0.873502,2026-09-20T21:06:06.001687
66,0.872533,0.00019195,2.10,0.872533,2026-09-20T21:06:08.219690
67,0.871351,0.00019171,2.18,0.871351,2026-09-20T21:06:10.474941
68,0.870576,0.00019146,2.04,0.870576,2026-09-20T21:06:12.653064
69,0.867933,0.00019121,2.04,0.867933,2026-09-20T21:06:14.830040
70,0.867196,0.00019096,2.03,0.867196,2026-09-20T21:06:16.992382
71,0.864841,0.00019070,2.14,0.864841,2026-09-20T21:06:19.260248
72,0.864488,0.00019044,2.08,0.864488,2026-09-20T21:06:21.445549
73,0.861850,0.00019018,2.08,0.861850,2026-09-20T21:06:23.637589
74,0.858739,0.00018991,2.12,0.858739,2026-09-20T21:06:25.874419
75,0.858468,0.00018965,2.08,0.858468,2026-09-20T21:06:28.073687
76,0.856100,0.00018937,2.04,0.856100,2026-09-20T21:06:30.241915
77,0.854416,0.00018910,2.05,0.854416,2026-09-20T21:06:32.401703
78,0.855384,0.00018882,2.12,0.854416,2026-09-20T21:06:34.526780
79,0.853295,0.00018854,1.99,0.853295,2026-09-20T21:06:38.741006
80,0.850629,0.00018825,2.05,0.850629,2026-09-20T21:06:40.930227
81,0.849947,0.00018796,2.05,0.849947,2026-09-20T21:06:43.103807
82,0.850117,0.00018767,2.06,0.849947,2026-09-20T21:06:45.164364
83,0.847515,0.00018737,1.99,0.847515,2026-09-20T21:06:47.256796
84,0.846688,0.00018707,2.22,0.846688,2026-09-20T21:06:49.578893
85,0.844867,0.00018677,2.07,0.844867,2026-09-20T21:06:51.759152
86,0.842167,0.00018647,2.06,0.842167,2026-09-20T21:06:53.903887
87,0.842288,0.00018616,2.10,0.842167,2026-09-20T21:06:56.006808
88,0.840899,0.00018584,2.02,0.840899,2026-09-20T21:06:58.116796
89,0.838925,0.00018553,2.08,0.838925,2026-09-20T21:07:00.300036
90,0.837702,0.00018521,2.03,0.837702,2026-09-20T21:07:02.454872
91,0.837596,0.00018489,2.14,0.837596,2026-09-20T21:07:04.706242
92,0.835118,0.00018457,2.11,0.835118,2026-09-20T21:07:06.940927
93,0.833621,0.00018424,2.05,0.833621,2026-09-20T21:07:09.097473
94,0.833137,0.00018391,2.13,0.833137,2026-09-20T21:07:11.339162
95,0.831416,0.00018357,2.03,0.831416,2026-09-20T21:07:13.472220
96,0.832803,0.00018324,2.09,0.831416,2026-09-20T21:07:15.565381
97,0.830364,0.00018290,1.97,0.830364,2026-09-20T21:07:17.646618
98,0.827444,0.00018255,2.09,0.827444,2026-09-20T21:07:19.868883
99,0.828600,0.00018221,2.06,0.827444,2026-09-20T21:07:21.924433
100,0.825139,0.00018186,2.00,0.825139,2026-09-20T21:07:24.052405
101,0.824849,0.00018150,2.42,0.824849,2026-09-20T21:07:26.619917
102,0.823827,0.00018115,2.12,0.823827,2026-09-20T21:07:28.850354
103,0.823334,0.00018079,2.36,0.823334,2026-09-20T21:07:31.350817
104,0.822620,0.00018043,2.17,0.822620,2026-09-20T21:07:33.631024
105,0.820784,0.00018006,2.19,0.820784,2026-09-20T21:07:35.957963
106,0.819170,0.00017970,2.06,0.819170,2026-09-20T21:07:38.150169
107,0.820229,0.00017933,2.02,0.819170,2026-09-20T21:07:40.174069
108,0.821302,0.00017895,2.51,0.819170,2026-09-20T21:07:42.684936
109,0.817410,0.00017858,1.98,0.817410,2026-09-20T21:07:44.809473
110,0.814534,0.00017820,2.06,0.814534,2026-09-20T21:07:47.020282
111,0.813706,0.00017782,2.05,0.813706,2026-09-20T21:07:49.173707
112,0.812564,0.00017743,2.09,0.812564,2026-09-20T21:07:51.376956
113,0.811620,0.00017704,2.10,0.811620,2026-09-20T21:07:53.594760
114,0.810512,0.00017665,2.05,0.810512,2026-09-20T21:07:55.758888
115,0.809470,0.00017626,2.05,0.809470,2026-09-20T21:07:57.938925
116,0.808472,0.00017586,2.03,0.808472,2026-09-20T21:08:00.088445
117,0.808215,0.00017547,2.08,0.808215,2026-09-20T21:08:02.279158
118,0.806244,0.00017506,2.13,0.806244,2026-09-20T21:08:04.529429
119,0.806166,0.00017466,2.43,0.806166,2026-09-20T21:08:08.293710
120,0.804019,0.00017425,2.30,0.804019,2026-09-20T21:08:10.694186
121,0.802837,0.00017384,2.24,0.802837,2026-09-20T21:08:13.054643
122,0.803916,0.00017343,2.16,0.802837,2026-09-20T21:08:15.216911
123,0.802742,0.00017301,2.14,0.802742,2026-09-20T21:08:17.472480
124,0.802349,0.00017260,2.20,0.802349,2026-09-20T21:08:19.788407
125,0.802877,0.00017218,2.28,0.802349,2026-09-20T21:08:22.073685
126,0.800225,0.00017175,2.19,0.800225,2026-09-20T21:08:24.371633
127,0.796964,0.00017133,2.18,0.796964,2026-09-20T21:08:26.675469
128,0.796993,0.00017090,2.30,0.796964,2026-09-20T21:08:28.980597
129,0.795730,0.00017047,2.15,0.795730,2026-09-20T21:08:31.256551
130,0.794878,0.00017003,2.24,0.794878,2026-09-20T21:08:33.627663
131,0.794666,0.00016960,2.24,0.794666,2026-09-20T21:08:35.979371
132,0.793233,0.00016916,2.29,0.793233,2026-09-20T21:08:38.387754
133,0.794147,0.00016872,2.17,0.793233,2026-09-20T21:08:40.556044
134,0.791096,0.00016827,2.20,0.791096,2026-09-20T21:08:42.886577
135,0.791928,0.00016782,2.26,0.791096,2026-09-20T21:08:45.147273
136,0.792498,0.00016738,2.13,0.791096,2026-09-20T21:08:47.276555
137,0.790452,0.00016692,2.23,0.790452,2026-09-20T21:08:49.652587
138,0.789774,0.00016647,2.17,0.789774,2026-09-20T21:08:51.927349
139,0.787374,0.00016601,2.16,0.787374,2026-09-20T21:08:54.206420
140,0.787461,0.00016556,2.20,0.787374,2026-09-20T21:08:56.411201
141,0.784936,0.00016509,2.16,0.784936,2026-09-20T21:08:58.747931
142,0.785724,0.00016463,2.21,0.784936,2026-09-20T21:09:00.960482
143,0.784864,0.00016416,2.13,0.784864,2026-09-20T21:09:03.231706
144,0.783540,0.00016370,2.20,0.783540,2026-09-20T21:09:05.586072
145,0.782540,0.00016323,2.26,0.782540,2026-09-20T21:09:08.005124
146,0.782639,0.00016275,2.28,0.782540,2026-09-20T21:09:10.286736
147,0.780657,0.00016228,2.21,0.780657,2026-09-20T21:09:12.635867
148,0.781334,0.00016180,2.23,0.780657,2026-09-20T21:09:14.869140
149,0.781567,0.00016132,2.11,0.780657,2026-09-20T21:09:16.982207
150,0.778620,0.00016084,2.17,0.778620,2026-09-20T21:09:19.265435
151,0.776229,0.00016036,2.26,0.776229,2026-09-20T21:09:21.688082
152,0.776855,0.00015987,2.18,0.776229,2026-09-20T21:09:23.865394
153,0.775219,0.00015938,2.16,0.775219,2026-09-20T21:09:26.193282
154,0.774474,0.00015889,2.18,0.774474,2026-09-20T21:09:28.491183
155,0.774622,0.00015840,2.19,0.774474,2026-09-20T21:09:30.683267
156,0.774075,0.00015790,2.11,0.774075,2026-09-20T21:09:32.902941
157,0.773760,0.00015741,2.30,0.773760,2026-09-20T21:09:35.341886
158,0.771813,0.00015691,2.19,0.771813,2026-09-20T21:09:37.638812
159,0.772250,0.00015641,2.17,0.771813,2026-09-20T21:09:39.814141
160,0.770197,0.00015590,2.23,0.770197,2026-09-20T21:09:42.184598
161,0.769851,0.00015540,2.26,0.769851,2026-09-20T21:09:44.531779
162,0.770733,0.00015489,2.17,0.769851,2026-09-20T21:09:46.699862
163,0.770183,0.00015438,2.13,0.769851,2026-09-20T21:09:48.829811
164,0.768876,0.00015387,2.26,0.768876,2026-09-20T21:09:51.205967
165,0.768110,0.00015336,2.24,0.768110,2026-09-20T21:09:53.556710
166,0.768030,0.00015284,2.20,0.768030,2026-09-20T21:09:55.949271
167,0.765650,0.00015233,2.27,0.765650,2026-09-20T21:09:58.360336
168,0.764695,0.00015181,2.20,0.764695,2026-09-20T21:10:00.735328
169,0.764967,0.00015129,2.20,0.764695,2026-09-20T21:10:02.938655
170,0.766637,0.00015077,2.17,0.764695,2026-09-20T21:10:05.108867
171,0.763656,0.00015024,2.16,0.763656,2026-09-20T21:10:07.435782
172,0.762367,0.00014972,2.17,0.762367,2026-09-20T21:10:09.749276
173,0.761170,0.00014919,2.38,0.761170,2026-09-20T21:10:12.255540
174,0.759396,0.00014866,2.27,0.759396,2026-09-20T21:10:14.683018
175,0.758748,0.00014813,2.28,0.758748,2026-09-20T21:10:17.091545
176,0.759397,0.00014760,2.17,0.758748,2026-09-20T21:10:19.266391
177,0.760082,0.00014706,2.17,0.758748,2026-09-20T21:10:21.435098
178,0.757586,0.00014653,2.16,0.757586,2026-09-20T21:10:23.723478
179,0.755696,0.00014599,2.18,0.755696,2026-09-20T21:10:26.006508
180,0.756338,0.00014545,2.26,0.755696,2026-09-20T21:10:28.271646
181,0.754420,0.00014491,2.11,0.754420,2026-09-20T21:10:30.509704
182,0.754486,0.00014437,2.19,0.754420,2026-09-20T21:10:32.696679
183,0.752405,0.00014382,2.15,0.752405,2026-09-20T21:10:34.957592
184,0.753502,0.00014328,2.19,0.752405,2026-09-20T21:10:37.148370
185,0.752070,0.00014273,2.21,0.752070,2026-09-20T21:10:39.491574
186,0.751259,0.00014218,2.19,0.751259,2026-09-20T21:10:41.795066
187,0.750773,0.00014163,2.23,0.750773,2026-09-20T21:10:44.136034
188,0.749580,0.00014108,2.16,0.749580,2026-09-20T21:10:46.396082
189,0.749440,0.00014053,2.22,0.749440,2026-09-20T21:10:49.692723
190,0.748113,0.00013997,2.23,0.748113,2026-09-20T21:10:52.141797
191,0.746540,0.00013942,2.18,0.746540,2026-09-20T21:10:54.425691
192,0.746783,0.00013886,2.17,0.746540,2026-09-20T21:10:56.598250
193,0.746834,0.00013830,2.17,0.746540,2026-09-20T21:10:58.769723
194,0.746524,0.00013774,2.20,0.746524,2026-09-20T21:11:01.089481
195,0.746152,0.00013718,2.23,0.746152,2026-09-20T21:11:03.470702
196,0.744800,0.00013662,2.28,0.744800,2026-09-20T21:11:05.859869
197,0.744660,0.00013605,2.15,0.744660,2026-09-20T21:11:08.145911
198,0.744220,0.00013549,2.28,0.744220,2026-09-20T21:11:10.613756
199,0.743050,0.00013492,2.46,0.743050,2026-09-20T21:11:13.196354
200,0.743165,0.00013436,2.18,0.743050,2026-09-20T21:11:15.376053
201,0.741463,0.00013379,2.14,0.741463,2026-09-20T21:11:17.626928
202,0.741383,0.00013322,2.23,0.741383,2026-09-20T21:11:20.044478
203,0.741309,0.00013265,2.20,0.741309,2026-09-20T21:11:22.371056
204,0.739026,0.00013208,2.21,0.739026,2026-09-20T21:11:24.721291
205,0.739133,0.00013150,2.29,0.739026,2026-09-20T21:11:27.013855
206,0.738200,0.00013093,2.16,0.738200,2026-09-20T21:11:29.271739
207,0.738010,0.00013036,2.25,0.738010,2026-09-20T21:11:31.695494
208,0.737046,0.00012978,2.19,0.737046,2026-09-20T21:11:34.006865
209,0.735416,0.00012920,2.26,0.735416,2026-09-20T21:11:36.448258
210,0.736161,0.00012863,2.17,0.735416,2026-09-20T21:11:38.622284
211,0.735040,0.00012805,2.25,0.735040,2026-09-20T21:11:41.003285
212,0.734056,0.00012747,2.22,0.734056,2026-09-20T21:11:43.324361
213,0.734133,0.00012689,2.23,0.734056,2026-09-20T21:11:45.559227
214,0.733782,0.00012631,2.11,0.733782,2026-09-20T21:11:47.779437
215,0.732817,0.00012572,2.26,0.732817,2026-09-20T21:11:50.179784
216,0.732433,0.00012514,2.19,0.732433,2026-09-20T21:11:52.476962
217,0.733228,0.00012456,2.16,0.732433,2026-09-20T21:11:54.637363
218,0.733373,0.00012397,2.18,0.732433,2026-09-20T21:11:56.813336
219,0.732324,0.00012339,2.16,0.732324,2026-09-20T21:11:59.132277
220,0.731115,0.00012280,2.20,0.731115,2026-09-20T21:12:01.466715
221,0.730242,0.00012221,2.20,0.730242,2026-09-20T21:12:03.851783
222,0.729744,0.00012163,2.24,0.729744,2026-09-20T21:12:06.215017
223,0.729443,0.00012104,2.13,0.729443,2026-09-20T21:12:08.453572
224,0.726571,0.00012045,2.15,0.726571,2026-09-20T21:12:10.738675
225,0.728816,0.00011986,2.43,0.726571,2026-09-20T21:12:13.169909
226,0.725905,0.00011927,2.09,0.725905,2026-09-20T21:12:15.368833
227,0.726302,0.00011868,2.20,0.725905,2026-09-20T21:12:17.570166
228,0.727179,0.00011809,2.13,0.725905,2026-09-20T21:12:19.704541
229,0.726555,0.00011750,2.16,0.725905,2026-09-20T21:12:21.864709
230,0.725078,0.00011691,2.11,0.725078,2026-09-20T21:12:25.362281
231,0.726195,0.00011631,2.20,0.725078,2026-09-20T21:12:27.565712
232,0.725090,0.00011572,2.18,0.725078,2026-09-20T21:12:29.747118
233,0.724341,0.00011513,2.14,0.724341,2026-09-20T21:12:32.020144
234,0.723916,0.00011453,2.26,0.723916,2026-09-20T21:12:34.435695
235,0.722544,0.00011394,2.21,0.722544,2026-09-20T21:12:36.757691
236,0.722913,0.00011335,2.16,0.722544,2026-09-20T21:12:38.919967
237,0.722942,0.00011275,2.14,0.722544,2026-09-20T21:12:41.061156
238,0.721152,0.00011216,2.20,0.721152,2026-09-20T21:12:43.401401
239,0.721074,0.00011156,2.15,0.721074,2026-09-20T21:12:45.713516
240,0.720894,0.00011097,2.22,0.720894,2026-09-20T21:12:48.049357
241,0.720861,0.00011037,2.19,0.720861,2026-09-20T21:12:50.427152
242,0.717519,0.00010977,2.36,0.717519,2026-09-20T21:12:52.934247
243,0.719649,0.00010918,2.15,0.717519,2026-09-20T21:12:55.079715
244,0.720136,0.00010858,2.19,0.717519,2026-09-20T21:12:57.266962
245,0.718150,0.00010798,2.45,0.717519,2026-09-20T21:12:59.715360
246,0.718721,0.00010739,2.19,0.717519,2026-09-20T21:13:01.904418
247,0.716854,0.00010679,2.17,0.716854,2026-09-20T21:13:04.214999
248,0.716965,0.00010619,2.20,0.716854,2026-09-20T21:13:06.413094
249,0.715786,0.00010560,2.12,0.715786,2026-09-20T21:13:08.647019
250,0.715380,0.00010500,2.18,0.715380,2026-09-20T21:13:11.102115
251,0.714271,0.00010440,2.29,0.714271,2026-09-20T21:13:13.476414
252,0.715008,0.00010381,2.25,0.714271,2026-09-20T21:13:15.730179
253,0.716205,0.00010321,2.15,0.714271,2026-09-20T21:13:17.882070
254,0.714316,0.00010261,2.21,0.714271,2026-09-20T21:13:20.091453
255,0.712789,0.00010202,2.17,0.712789,2026-09-20T21:13:22.381219
256,0.712602,0.00010142,2.20,0.712602,2026-09-20T21:13:24.732546
257,0.712439,0.00010082,2.19,0.712439,2026-09-20T21:13:27.047777
258,0.710784,0.00010023,2.25,0.710784,2026-09-20T21:13:29.433437
259,0.710251,0.00009963,2.18,0.710251,2026-09-20T21:13:31.709780
260,0.710759,0.00009903,2.18,0.710251,2026-09-20T21:13:33.887882
261,0.711089,0.00009844,2.17,0.710251,2026-09-20T21:13:36.062955
262,0.710759,0.00009784,2.16,0.710251,2026-09-20T21:13:38.219747
263,0.710433,0.00009725,2.15,0.710251,2026-09-20T21:13:40.372563
264,0.709836,0.00009665,2.23,0.709836,2026-09-20T21:13:42.759565
265,0.709385,0.00009606,2.39,0.709385,2026-09-20T21:13:45.264249
266,0.707755,0.00009547,2.31,0.707755,2026-09-20T21:13:47.717146
267,0.706956,0.00009487,2.20,0.706956,2026-09-20T21:13:50.079836
268,0.708226,0.00009428,2.21,0.706956,2026-09-20T21:13:52.292917
269,0.707343,0.00009369,2.10,0.706956,2026-09-20T21:13:54.396256
270,0.705580,0.00009309,2.20,0.705580,2026-09-20T21:13:56.738612
271,0.707065,0.00009250,2.18,0.705580,2026-09-20T21:13:58.918926
272,0.706221,0.00009191,2.18,0.705580,2026-09-20T21:14:01.102367
273,0.704509,0.00009132,2.12,0.704509,2026-09-20T21:14:03.373107
274,0.704657,0.00009073,2.30,0.704509,2026-09-20T21:14:05.668806
275,0.705304,0.00009014,2.13,0.704509,2026-09-20T21:14:07.795916
276,0.705805,0.00008955,2.12,0.704509,2026-09-20T21:14:09.913198
277,0.704236,0.00008896,2.42,0.704236,2026-09-20T21:14:12.453719
278,0.703693,0.00008837,2.19,0.703693,2026-09-20T21:14:14.804862
279,0.703050,0.00008779,2.18,0.703050,2026-09-20T21:14:17.121940
280,0.702889,0.00008720,2.17,0.702889,2026-09-20T21:14:19.400985
281,0.702460,0.00008661,2.33,0.702460,2026-09-20T21:14:21.846778
282,0.702427,0.00008603,2.18,0.702427,2026-09-20T21:14:24.156402
283,0.701392,0.00008544,2.24,0.701392,2026-09-20T21:14:26.547711
284,0.702401,0.00008486,2.22,0.701392,2026-09-20T21:14:28.772997
285,0.701383,0.00008428,2.23,0.701383,2026-09-20T21:14:31.130133
286,0.702356,0.00008369,2.12,0.701383,2026-09-20T21:14:33.252697
287,0.700534,0.00008311,2.18,0.700534,2026-09-20T21:14:35.586563
288,0.700419,0.00008253,2.27,0.700419,2026-09-20T21:14:38.011972
289,0.699752,0.00008195,2.17,0.699752,2026-09-20T21:14:40.341664
290,0.698640,0.00008137,2.23,0.698640,2026-09-20T21:14:42.674686
291,0.698566,0.00008080,2.34,0.698566,2026-09-20T21:14:45.147352
292,0.698922,0.00008022,2.22,0.698566,2026-09-20T21:14:47.368929
293,0.698385,0.00007964,2.18,0.698385,2026-09-20T21:14:49.733261
294,0.698024,0.00007907,2.41,0.698024,2026-09-20T21:14:52.295719
295,0.696094,0.00007850,2.15,0.696094,2026-09-20T21:14:54.564110
296,0.697581,0.00007792,2.07,0.696094,2026-09-20T21:14:56.633395
297,0.696177,0.00007735,2.07,0.696094,2026-09-20T21:14:58.701779
298,0.697065,0.00007678,2.01,0.696094,2026-09-20T21:15:00.715416
299,0.694962,0.00007621,2.03,0.694962,2026-09-20T21:15:02.865851
300,0.694746,0.00007564,2.07,0.694746,2026-09-20T21:15:05.160698
301,0.694974,0.00007508,2.11,0.694746,2026-09-20T21:15:07.273830
302,0.696533,0.00007451,2.09,0.694746,2026-09-20T21:15:09.366173
303,0.692722,0.00007395,2.05,0.692722,2026-09-20T21:15:11.569123
304,0.694094,0.00007338,2.15,0.692722,2026-09-20T21:15:13.723114
305,0.694100,0.00007282,2.05,0.692722,2026-09-20T21:15:15.773115
306,0.692826,0.00007226,2.11,0.692722,2026-09-20T21:15:17.886816
307,0.692207,0.00007170,2.05,0.692207,2026-09-20T21:15:20.701961
308,0.691718,0.00007114,2.08,0.691718,2026-09-20T21:15:22.969208
309,0.692808,0.00007058,2.09,0.691718,2026-09-20T21:15:25.062852
310,0.691787,0.00007003,2.03,0.691718,2026-09-20T21:15:27.089697
311,0.691855,0.00006947,2.06,0.691718,2026-09-20T21:15:29.150987
312,0.689771,0.00006892,2.02,0.689771,2026-09-20T21:15:31.444365
313,0.690313,0.00006837,2.09,0.689771,2026-09-20T21:15:33.536600
314,0.690227,0.00006782,2.08,0.689771,2026-09-20T21:15:35.620951
315,0.690083,0.00006727,2.03,0.689771,2026-09-20T21:15:37.653285
316,0.689677,0.00006672,2.08,0.689677,2026-09-20T21:15:39.840653
317,0.689220,0.00006618,2.06,0.689220,2026-09-20T21:15:42.047060
318,0.689037,0.00006563,2.09,0.689037,2026-09-20T21:15:44.229398
319,0.688897,0.00006509,2.05,0.688897,2026-09-20T21:15:46.427003
320,0.688951,0.00006455,2.09,0.688897,2026-09-20T21:15:48.520180
321,0.687373,0.00006401,2.47,0.687373,2026-09-20T21:15:51.298830
322,0.687972,0.00006347,2.37,0.687373,2026-09-20T21:15:53.671603
323,0.686558,0.00006294,2.06,0.686558,2026-09-20T21:15:56.071017
324,0.686699,0.00006240,2.18,0.686558,2026-09-20T21:15:58.250128
325,0.687255,0.00006187,2.15,0.686558,2026-09-20T21:16:00.398171
326,0.686128,0.00006134,2.00,0.686128,2026-09-20T21:16:02.610493
327,0.686730,0.00006081,2.09,0.686128,2026-09-20T21:16:04.704455
328,0.685129,0.00006028,2.02,0.685129,2026-09-20T21:16:06.835659
329,0.684644,0.00005976,2.02,0.684644,2026-09-20T21:16:09.059622
330,0.685639,0.00005923,2.09,0.684644,2026-09-20T21:16:11.147987
331,0.685329,0.00005871,2.05,0.684644,2026-09-20T21:16:13.196416
332,0.684148,0.00005819,2.02,0.684148,2026-09-20T21:16:17.447634
333,0.683182,0.00005767,2.01,0.683182,2026-09-20T21:16:19.678818
334,0.684509,0.00005716,2.02,0.683182,2026-09-20T21:16:21.702495
335,0.684273,0.00005664,2.03,0.683182,2026-09-20T21:16:23.737035
336,0.683554,0.00005613,2.01,0.683182,2026-09-20T21:16:25.748097
337,0.682226,0.00005562,2.05,0.682226,2026-09-20T21:16:27.942917
338,0.680298,0.00005511,2.10,0.680298,2026-09-20T21:16:30.148731
339,0.681776,0.00005460,2.42,0.680298,2026-09-20T21:16:32.570120
340,0.682651,0.00005410,2.40,0.680298,2026-09-20T21:16:34.970095
341,0.680431,0.00005359,2.48,0.680298,2026-09-20T21:16:37.447253
342,0.680537,0.00005309,2.35,0.680298,2026-09-20T21:16:39.798221
343,0.680811,0.00005259,2.95,0.680298,2026-09-20T21:16:42.747621
344,0.681936,0.00005210,2.62,0.680298,2026-09-20T21:16:45.364287
345,0.679373,0.00005160,2.35,0.679373,2026-09-20T21:16:47.910001
346,0.678779,0.00005111,2.36,0.678779,2026-09-20T21:16:50.383554
347,0.679975,0.00005062,2.48,0.678779,2026-09-20T21:16:52.860137
348,0.679368,0.00005013,2.18,0.678779,2026-09-20T21:16:55.044123
349,0.679262,0.00004964,2.73,0.678779,2026-09-20T21:16:57.772463
350,0.678393,0.00004916,2.78,0.678393,2026-09-20T21:17:00.764217
351,0.678143,0.00004868,2.70,0.678143,2026-09-20T21:17:03.622918
352,0.677672,0.00004820,2.41,0.677672,2026-09-20T21:17:06.217109
353,0.678087,0.00004772,2.28,0.677672,2026-09-20T21:17:08.499838
354,0.676544,0.00004725,2.20,0.676544,2026-09-20T21:17:10.859936
355,0.677685,0.00004677,2.72,0.676544,2026-09-20T21:17:13.585059
356,0.677345,0.00004630,2.42,0.676544,2026-09-20T21:17:16.009481
357,0.678174,0.00004584,2.83,0.676544,2026-09-20T21:17:18.840626
358,0.676698,0.00004537,2.66,0.676544,2026-09-20T21:17:21.501561
359,0.676782,0.00004491,2.75,0.676544,2026-09-20T21:17:24.247814
360,0.678099,0.00004444,2.60,0.676544,2026-09-20T21:17:26.848369
361,0.677356,0.00004399,2.51,0.676544,2026-09-20T21:17:29.355711
362,0.676704,0.00004353,2.24,0.676544,2026-09-20T21:17:31.595453
363,0.674758,0.00004308,2.37,0.674758,2026-09-20T21:17:34.550917
364,0.676350,0.00004262,2.28,0.674758,2026-09-20T21:17:36.873747
365,0.675761,0.00004218,2.78,0.674758,2026-09-20T21:17:39.649824
366,0.675859,0.00004173,2.93,0.674758,2026-09-20T21:17:42.583961
367,0.674673,0.00004128,3.01,0.674673,2026-09-20T21:17:45.836582
368,0.673310,0.00004084,2.74,0.673310,2026-09-20T21:17:49.533420
369,0.674293,0.00004040,2.81,0.673310,2026-09-20T21:17:52.344172
370,0.673422,0.00003997,2.58,0.673310,2026-09-20T21:17:54.928867
371,0.673272,0.00003953,3.20,0.673272,2026-09-20T21:17:58.322984
372,0.674084,0.00003910,2.55,0.673272,2026-09-20T21:18:00.885808
373,0.672444,0.00003867,3.10,0.672444,2026-09-20T21:18:04.230632
374,0.674162,0.00003825,2.64,0.672444,2026-09-20T21:18:06.874089
375,0.672498,0.00003782,2.73,0.672444,2026-09-20T21:18:09.610479
376,0.673438,0.00003740,2.90,0.672444,2026-09-20T21:18:12.511272
377,0.672018,0.00003699,3.31,0.672018,2026-09-20T21:18:15.977409
378,0.671608,0.00003657,3.13,0.671608,2026-09-20T21:18:19.352335
379,0.671415,0.00003616,3.37,0.671415,2026-09-20T21:18:22.864004
380,0.671004,0.00003575,2.88,0.671004,2026-09-20T21:18:25.935024
381,0.671513,0.00003534,2.99,0.671004,2026-09-20T21:18:28.927399
382,0.673364,0.00003494,2.79,0.671004,2026-09-20T21:18:31.720746
383,0.671419,0.00003453,2.91,0.671004,2026-09-20T21:18:34.634519
384,0.670407,0.00003414,3.28,0.670407,2026-09-20T21:18:38.060990
385,0.672244,0.00003374,2.32,0.670407,2026-09-20T21:18:40.378178
386,0.669782,0.00003335,2.48,0.669782,2026-09-20T21:18:42.999243
387,0.670148,0.00003296,2.48,0.669782,2026-09-20T21:18:45.483953
388,0.670532,0.00003257,2.41,0.669782,2026-09-20T21:18:47.894911
389,0.669413,0.00003218,2.29,0.669413,2026-09-20T21:18:50.312331
390,0.669432,0.00003180,2.24,0.669413,2026-09-20T21:18:52.550090
391,0.669181,0.00003142,2.37,0.669181,2026-09-20T21:18:55.046531
392,0.669857,0.00003105,2.30,0.669181,2026-09-20T21:18:57.351511
393,0.670069,0.00003067,2.18,0.669181,2026-09-20T21:18:59.532811
394,0.668810,0.00003030,2.40,0.668810,2026-09-20T21:19:02.239569
395,0.668259,0.00002994,2.69,0.668259,2026-09-20T21:19:05.102886
396,0.669457,0.00002957,2.38,0.668259,2026-09-20T21:19:07.485061
397,0.668974,0.00002921,2.57,0.668259,2026-09-20T21:19:10.051871
398,0.668903,0.00002885,2.40,0.668259,2026-09-20T21:19:12.447947
399,0.669299,0.00002850,2.54,0.668259,2026-09-20T21:19:14.987030
400,0.668472,0.00002814,2.67,0.668259,2026-09-20T21:19:17.655883
401,0.667242,0.00002779,2.30,0.667242,2026-09-20T21:19:20.907519
402,0.666453,0.00002745,2.51,0.666453,2026-09-20T21:19:24.359242
403,0.668865,0.00002710,2.41,0.666453,2026-09-20T21:19:26.767429
404,0.667783,0.00002676,2.23,0.666453,2026-09-20T21:19:29.001493
405,0.667897,0.00002643,2.13,0.666453,2026-09-20T21:19:31.132684
406,0.667840,0.00002609,2.33,0.666453,2026-09-20T21:19:33.462837
407,0.666291,0.00002576,2.05,0.666291,2026-09-20T21:19:35.630851
408,0.667476,0.00002543,2.12,0.666291,2026-09-20T21:19:37.746764
409,0.666708,0.00002511,2.00,0.666291,2026-09-20T21:19:39.743404
410,0.666451,0.00002479,2.02,0.666291,2026-09-20T21:19:41.761508
411,0.666178,0.00002447,2.01,0.666178,2026-09-20T21:19:43.915078
412,0.666622,0.00002416,2.04,0.666178,2026-09-20T21:19:45.966763
413,0.666153,0.00002384,2.00,0.666153,2026-09-20T21:19:48.090893
414,0.665805,0.00002353,2.12,0.665805,2026-09-20T21:19:50.365175
415,0.666611,0.00002323,2.07,0.665805,2026-09-20T21:19:52.436201
416,0.665654,0.00002293,2.17,0.665654,2026-09-20T21:19:54.760209
417,0.667219,0.00002263,2.08,0.665654,2026-09-20T21:19:56.839581
418,0.666057,0.00002233,2.02,0.665654,2026-09-20T21:19:58.859078
419,0.666215,0.00002204,2.00,0.665654,2026-09-20T21:20:00.860119
420,0.663917,0.00002175,2.04,0.663917,2026-09-20T21:20:03.063082
421,0.663712,0.00002146,2.08,0.663712,2026-09-20T21:20:05.254311
422,0.663627,0.00002118,2.06,0.663627,2026-09-20T21:20:07.460072
423,0.665433,0.00002090,2.12,0.663627,2026-09-20T21:20:09.576830
424,0.663546,0.00002063,2.04,0.663546,2026-09-20T21:20:11.731581
425,0.663756,0.00002035,2.04,0.663546,2026-09-20T21:20:13.776882
426,0.662975,0.00002009,2.07,0.662975,2026-09-20T21:20:15.970680
427,0.664698,0.00001982,2.04,0.662975,2026-09-20T21:20:18.014714
428,0.663363,0.00001956,2.18,0.662975,2026-09-20T21:20:20.194875
429,0.663519,0.00001930,2.02,0.662975,2026-09-20T21:20:22.217094
430,0.663982,0.00001904,2.09,0.662975,2026-09-20T21:20:24.310215
431,0.663132,0.00001879,2.03,0.662975,2026-09-20T21:20:26.342005
432,0.662731,0.00001854,2.01,0.662731,2026-09-20T21:20:28.480633
433,0.662126,0.00001829,2.06,0.662126,2026-09-20T21:20:30.646981
434,0.662681,0.00001805,2.08,0.662126,2026-09-20T21:20:32.723083
435,0.662932,0.00001781,2.03,0.662126,2026-09-20T21:20:34.748997
436,0.662195,0.00001758,2.00,0.662126,2026-09-20T21:20:36.745167
437,0.662920,0.00001735,2.02,0.662126,2026-09-20T21:20:38.767970
438,0.662484,0.00001712,2.04,0.662126,2026-09-20T21:20:40.811132
439,0.662313,0.00001689,2.01,0.662126,2026-09-20T21:20:42.822817
440,0.662019,0.00001667,2.01,0.662019,2026-09-20T21:20:44.952544
441,0.662960,0.00001645,2.09,0.662019,2026-09-20T21:20:47.041744
442,0.661980,0.00001624,2.00,0.661980,2026-09-20T21:20:49.149769
443,0.660987,0.00001603,2.17,0.660987,2026-09-20T21:20:51.420071
444,0.661202,0.00001582,2.06,0.660987,2026-09-20T21:20:53.481574
445,0.661516,0.00001562,2.07,0.660987,2026-09-20T21:20:55.549339
446,0.661053,0.00001542,2.04,0.660987,2026-09-20T21:20:57.588032
447,0.660757,0.00001522,1.98,0.660757,2026-09-20T21:20:59.675700
448,0.659418,0.00001503,2.08,0.659418,2026-09-20T21:21:01.858336
449,0.661810,0.00001484,2.03,0.659418,2026-09-20T21:21:03.888246
450,0.661307,0.00001465,2.05,0.659418,2026-09-20T21:21:05.940782
451,0.660567,0.00001447,2.02,0.659418,2026-09-20T21:21:07.957454
452,0.661859,0.00001429,2.02,0.659418,2026-09-20T21:21:09.981971
453,0.660851,0.00001411,2.09,0.659418,2026-09-20T21:21:12.068367
454,0.659799,0.00001394,1.98,0.659418,2026-09-20T21:21:14.054000
455,0.660593,0.00001377,2.09,0.659418,2026-09-20T21:21:16.149234
456,0.661941,0.00001361,2.00,0.659418,2026-09-20T21:21:18.154000
457,0.660241,0.00001345,2.07,0.659418,2026-09-20T21:21:20.223963
458,0.659889,0.00001329,2.03,0.659418,2026-09-20T21:21:22.256288
459,0.660350,0.00001313,2.00,0.659418,2026-09-20T21:21:24.257229
460,0.659339,0.00001298,2.03,0.659339,2026-09-20T21:21:26.397777
461,0.660232,0.00001284,2.10,0.659339,2026-09-20T21:21:28.500212
462,0.659868,0.00001269,2.03,0.659339,2026-09-20T21:21:30.533815
463,0.660008,0.00001256,2.05,0.659339,2026-09-20T21:21:32.585567
464,0.661804,0.00001242,2.06,0.659339,2026-09-20T21:21:34.648816
465,0.660925,0.00001229,2.00,0.659339,2026-09-20T21:21:36.652312
466,0.660152,0.00001216,2.00,0.659339,2026-09-20T21:21:38.652755
467,0.659569,0.00001203,2.03,0.659339,2026-09-20T21:21:40.680234
468,0.660890,0.00001191,2.04,0.659339,2026-09-20T21:21:42.720609
469,0.658718,0.00001180,2.01,0.658718,2026-09-20T21:21:44.897758
470,0.658359,0.00001168,2.06,0.658359,2026-09-20T21:21:47.053154
471,0.657981,0.00001157,2.13,0.657981,2026-09-20T21:21:49.305501
472,0.658299,0.00001147,2.07,0.657981,2026-09-20T21:21:51.373052
473,0.659166,0.00001136,2.03,0.657981,2026-09-20T21:21:53.404275
474,0.658242,0.00001126,2.00,0.657981,2026-09-20T21:21:55.403871
475,0.658407,0.00001117,2.06,0.657981,2026-09-20T21:21:57.460476
476,0.658772,0.00001108,1.99,0.657981,2026-09-20T21:21:59.447943
477,0.658927,0.00001099,2.02,0.657981,2026-09-20T21:22:01.466529
478,0.658598,0.00001091,2.14,0.657981,2026-09-20T21:22:03.604983
479,0.657515,0.00001083,2.03,0.657515,2026-09-20T21:22:06.298743
480,0.657740,0.00001075,2.08,0.657515,2026-09-20T21:22:08.376936
481,0.658999,0.00001068,2.03,0.657515,2026-09-20T21:22:10.403022
482,0.658798,0.00001061,2.04,0.657515,2026-09-20T21:22:12.441609
483,0.657497,0.00001054,2.03,0.657497,2026-09-20T21:22:14.646306
484,0.658310,0.00001048,2.11,0.657497,2026-09-20T21:22:16.757934
485,0.657209,0.00001042,2.00,0.657209,2026-09-20T21:22:18.904027
486,0.657852,0.00001037,2.09,0.657209,2026-09-20T21:22:20.997346
487,0.657208,0.00001032,1.97,0.657208,2026-09-20T21:22:23.083584
488,0.657886,0.00001027,2.02,0.657208,2026-09-20T21:22:25.106681
489,0.658050,0.00001023,2.04,0.657208,2026-09-20T21:22:27.143713
490,0.656580,0.00001019,2.05,0.656580,2026-09-20T21:22:29.357092
491,0.657923,0.00001015,2.02,0.656580,2026-09-20T21:22:31.373790
492,0.657203,0.00001012,2.00,0.656580,2026-09-20T21:22:33.372143
493,0.656400,0.00001009,2.21,0.656400,2026-09-20T21:22:35.690227
494,0.657507,0.00001007,2.23,0.656400,2026-09-20T21:22:37.916481
495,0.657112,0.00001005,2.15,0.656400,2026-09-20T21:22:40.071095
496,0.656122,0.00001003,2.17,0.656122,2026-09-20T21:22:42.372850
497,0.657200,0.00001002,2.19,0.656122,2026-09-20T21:22:44.566334
498,0.656957,0.00001001,2.11,0.656122,2026-09-20T21:22:46.680950
499,0.658591,0.00001000,2.11,0.656122,2026-09-20T21:22:48.792578
500,0.657044,0.00001000,2.45,0.656122,2026-09-20T21:22:51.240256
